complex,seed,id,plddt,pep_plddt,gpde,ptm,iptm,ranking_score,scRMSD
2ke1,seed_44,4,91.485,0.9426,0.3745,0.8666,0.9436,0.9282,6.953
2ke1,seed_44,0,91.0058,0.9427,0.3749,0.8782,0.9436,0.9305,6.6645
2ke1,seed_44,3,91.4534,0.9423,0.3737,0.8672,0.9436,0.9283,5.3058
2ke1,seed_44,2,91.4756,0.9426,0.3748,0.8667,0.9437,0.9283,7.7919
2ke1,seed_44,1,91.4182,0.9429,0.374,0.8686,0.944,0.9289,5.1029
2ke1,seed_43,4,91.505,0.9428,0.3729,0.8669,0.9438,0.9284,4.8844
2ke1,seed_43,0,91.4096,0.9423,0.3722,0.87,0.9439,0.9291,5.4522
2ke1,seed_43,3,91.4849,0.9427,0.3727,0.868,0.9439,0.9287,5.0589
2ke1,seed_43,2,91.4443,0.9423,0.3722,0.8697,0.9438,0.929,5.3709
2ke1,seed_43,1,91.4497,0.9421,0.372,0.8698,0.9439,0.9291,5.7655
2ke1,seed_42,4,91.5332,0.9432,0.3728,0.8683,0.9441,0.9289,4.8595
2ke1,seed_42,0,91.408,0.9432,0.3726,0.8717,0.9441,0.9296,5.1776
2ke1,seed_42,3,91.5241,0.943,0.3727,0.8687,0.9441,0.929,5.7605
2ke1,seed_42,2,91.4926,0.9431,0.3726,0.8698,0.9442,0.9294,5.3694
2ke1,seed_42,1,91.4991,0.9433,0.373,0.8694,0.9444,0.9294,5.1221
